NTACode,Borough,Growth Factor,NTA Name,Population - 2010,Population - 2011,Population - 2012,Population - 2013,Population - 2014,Population - 2015,Population - 2016,Population - 2017,Population - 2018,Population - 2019,Population - 2020
BX01,Bronx,0.045,Claremont-Bathgate,28149,29416.0,30739.0,32123.0,33568.0,35079.0,36657.0,38307.0,40031.0,41832.0,43715.0
BX03,Bronx,0.045,Eastchester-Edenwald-Baychester,35422,37016.0,38682.0,40422.0,42241.0,44142.0,46129.0,48204.0,50374.0,52640.0,55009.0
BX05,Bronx,0.045,Bedford Park-Fordham North,55329,57819.0,60421.0,63140.0,65981.0,68950.0,72053.0,75295.0,78683.0,82224.0,85924.0
BX06,Bronx,0.045,Belmont,25967,27136.0,28357.0,29633.0,30966.0,32360.0,33816.0,35337.0,36928.0,38589.0,40326.0
BX07,Bronx,0.045,Bronxdale,34309,35853.0,37466.0,39152.0,40914.0,42755.0,44679.0,46690.0,48791.0,50986.0,53281.0
BX08,Bronx,0.045,West Farms-Bronx River,34542,36096.0,37721.0,39418.0,41192.0,43046.0,44983.0,47007.0,49122.0,51333.0,53643.0
BX09,Bronx,0.045,Soundview-Castle Hill-Clason Point-Harding Park,50753,53037.0,55424.0,57918.0,60524.0,63247.0,66094.0,69068.0,72176.0,75424.0,78818.0
BX10,Bronx,0.045,Pelham Bay-Country Club-City Island,27140,28361.0,29638.0,30971.0,32365.0,33821.0,35343.0,36934.0,38596.0,40333.0,42148.0
BX13,Bronx,0.045,Co-Op City,40676,42506.0,44419.0,46418.0,48507.0,50690.0,52971.0,55354.0,57845.0,60448.0,63169.0
BX14,Bronx,0.045,East Concourse-Concourse Village,58961,61614.0,64387.0,67284.0,70312.0,73476.0,76783.0,80238.0,83848.0,87622.0,91565.0
BX17,Bronx,0.045,East Tremont,39280,41048.0,42895.0,44825.0,46842.0,48950.0,51153.0,53455.0,55860.0,58374.0,61001.0
BX22,Bronx,0.045,North Riverdale-Fieldston-Riverdale,28013,29274.0,30591.0,31967.0,33406.0,34909.0,36480.0,38122.0,39837.0,41630.0,43503.0
BX26,Bronx,0.045,Highbridge,33844,35367.0,36958.0,38622.0,40360.0,42176.0,44074.0,46057.0,48130.0,50295.0,52559.0
BX27,Bronx,0.045,Hunts Point,25142,26273.0,27456.0,28691.0,29982.0,31332.0,32741.0,34215.0,35754.0,37363.0,39045.0
BX28,Bronx,0.045,Van Cortlandt Village,50607,52884.0,55264.0,57751.0,60350.0,63066.0,65903.0,68869.0,71968.0,75207.0,78591.0
BX29,Bronx,0.045,Spuyten Duyvil-Kingsbridge,29872,31216.0,32621.0,34089.0,35623.0,37226.0,38901.0,40652.0,42481.0,44393.0,46390.0
BX30,Bronx,0.045,Kingsbridge Heights,33286,34784.0,36349.0,37985.0,39694.0,41480.0,43347.0,45298.0,47336.0,49466.0,51692.0
BX31,Bronx,0.045,Allerton-Pelham Gardens,28510,29793.0,31134.0,32535.0,33999.0,35529.0,37127.0,38798.0,40544.0,42369.0,44275.0
BX33,Bronx,0.045,Longwood,23082,24121.0,25206.0,26340.0,27526.0,28764.0,30059.0,31411.0,32825.0,34302.0,35846.0
BX34,Bronx,0.045,Melrose South-Mott Haven North,33195,34689.0,36250.0,37881.0,39586.0,41367.0,43229.0,45174.0,47207.0,49331.0,51551.0
BX35,Bronx,0.045,Morrisania-Melrose,29797,31138.0,32539.0,34003.0,35533.0,37132.0,38803.0,40550.0,42374.0,44281.0,46274.0
BX36,Bronx,0.045,University Heights-Morris Heights,54335,56780.0,59335.0,62005.0,64795.0,67711.0,70758.0,73942.0,77270.0,80747.0,84381.0
BX37,Bronx,0.045,Van Nest-Morris Park-Westchester Square,27135,28356.0,29632.0,30966.0,32359.0,33815.0,35337.0,36927.0,38589.0,40325.0,42140.0
BX39,Bronx,0.045,Mott Haven-Port Morris,49030,51236.0,53542.0,55951.0,58469.0,61100.0,63850.0,66723.0,69726.0,72863.0,76142.0
BX40,Bronx,0.045,Fordham South,26880,28090.0,29354.0,30675.0,32055.0,33497.0,35005.0,36580.0,38226.0,39946.0,41744.0
BX41,Bronx,0.045,Mount Hope,52649,55018.0,57494.0,60081.0,62785.0,65610.0,68563.0,71648.0,74872.0,78241.0,81762.0
BX43,Bronx,0.045,Norwood,40817,42654.0,44573.0,46579.0,48675.0,50865.0,53154.0,55546.0,58046.0,60658.0,63388.0
BX44,Bronx,0.045,Williamsbridge-Olinville,57420,60004.0,62704.0,65526.0,68474.0,71556.0,74776.0,78141.0,81657.0,85332.0,89172.0
BX46,Bronx,0.045,Parkchester,29353,30674.0,32054.0,33497.0,35004.0,36579.0,38225.0,39945.0,41743.0,43621.0,45584.0
BX49,Bronx,0.045,Pelham Parkway,30006,31356.0,32767.0,34242.0,35783.0,37393.0,39076.0,40834.0,42672.0,44592.0,46598.0
BX52,Bronx,0.045,Schuylerville-Throgs Neck-Edgewater Park,43712,45679.0,47735.0,49883.0,52127.0,54473.0,56924.0,59486.0,62163.0,64960.0,67883.0
BX55,Bronx,0.045,Soundview-Bruckner,35137,36718.0,38370.0,40097.0,41902.0,43787.0,45758.0,47817.0,49968.0,52217.0,54567.0
BX59,Bronx,0.045,Westchester-Unionport,25768,26928.0,28139.0,29406.0,30729.0,32112.0,33557.0,35067.0,36645.0,38294.0,40017.0
BX62,Bronx,0.045,Woodlawn-Wakefield,43583,45544.0,47594.0,49735.0,51974.0,54312.0,56756.0,59310.0,61979.0,64768.0,67683.0
BX63,Bronx,0.045,West Concourse,39557,41337.0,43197.0,45141.0,47172.0,49295.0,51514.0,53832.0,56254.0,58785.0,61431.0
BX75,Bronx,0.045,Crotona Park East,18072,18885.0,19735.0,20623.0,21551.0,22521.0,23534.0,24593.0,25700.0,26857.0,28065.0
BX98,Bronx,0.045,Rikers Island,12780,13355.0,13956.0,14584.0,15240.0,15926.0,16643.0,17392.0,18174.0,18992.0,19847.0
BX99,Bronx,0.045,park-cemetery-etc-Bronx,540,564.0,590.0,616.0,644.0,673.0,703.0,735.0,768.0,802.0,839.0
BK09,Brooklyn,0.037,Brooklyn Heights-Cobble Hill,22548,23382.0,24247.0,25145.0,26075.0,27040.0,28040.0,29078.0,30154.0,31269.0,32426.0
BK17,Brooklyn,0.037,Sheepshead Bay-Gerritsen Beach-Manhattn Bch,64596,66986.0,69465.0,72035.0,74700.0,77464.0,80330.0,83302.0,86384.0,89581.0,92895.0
BK19,Brooklyn,0.037,Brighton Beach,35244,36548.0,37900.0,39303.0,40757.0,42265.0,43829.0,45450.0,47132.0,48876.0,50684.0
BK21,Brooklyn,0.037,Seagate-Coney Island,34267,35535.0,36850.0,38213.0,39627.0,41093.0,42614.0,44190.0,45825.0,47521.0,49279.0
BK23,Brooklyn,0.037,West Brighton,17370,18013.0,18679.0,19370.0,20087.0,20830.0,21601.0,22400.0,23229.0,24088.0,24980.0
BK25,Brooklyn,0.037,Homecrest,45679,47369.0,49122.0,50939.0,52824.0,54779.0,56805.0,58907.0,61087.0,63347.0,65691.0
BK26,Brooklyn,0.037,Gravesend,29257,30340.0,31462.0,32626.0,33833.0,35085.0,36383.0,37730.0,39125.0,40573.0,42074.0
BK27,Brooklyn,0.037,Bath Beach,28572,29629.0,30725.0,31862.0,33041.0,34264.0,35531.0,36846.0,38209.0,39623.0,41089.0
BK28,Brooklyn,0.037,Bensonhurst West,84640,87772.0,91019.0,94387.0,97879.0,101501.0,105256.0,109151.0,113189.0,117377.0,121720.0
BK29,Brooklyn,0.037,Bensonhurst East,58566,60733.0,62980.0,65310.0,67727.0,70233.0,72831.0,75526.0,78321.0,81218.0,84223.0
BK30,Brooklyn,0.037,Dyker Heights,39332,40787.0,42296.0,43861.0,45484.0,47167.0,48912.0,50722.0,52599.0,54545.0,56563.0
BK31,Brooklyn,0.037,Bay Ridge,80539,83519.0,86609.0,89814.0,93137.0,96583.0,100156.0,103862.0,107705.0,111690.0,115823.0
BK32,Brooklyn,0.037,Sunset Park West,52312,54248.0,56255.0,58336.0,60495.0,62733.0,65054.0,67461.0,69957.0,72545.0,75230.0
BK33,Brooklyn,0.037,Carroll Gardens-Columbia Street-Red Hook,38327,39745.0,41216.0,42741.0,44322.0,45962.0,47663.0,49426.0,51255.0,53151.0,55118.0
BK34,Brooklyn,0.037,Sunset Park East,66150,68598.0,71136.0,73768.0,76497.0,79327.0,82263.0,85306.0,88463.0,91736.0,95130.0
BK35,Brooklyn,0.037,Stuyvesant Heights,61827,64115.0,66487.0,68947.0,71498.0,74143.0,76887.0,79731.0,82681.0,85741.0,88913.0
BK37,Brooklyn,0.037,Park Slope-Gowanus,67263,69752.0,72333.0,75009.0,77784.0,80662.0,83647.0,86742.0,89951.0,93279.0,96731.0
BK38,Brooklyn,0.037,DUMBO-Vinegar Hill-Downtown Brklyn-Boerum Hill,30847,31988.0,33172.0,34399.0,35672.0,36992.0,38361.0,39780.0,41252.0,42778.0,44361.0
BK40,Brooklyn,0.037,Windsor Terrace,20779,21548.0,22345.0,23172.0,24029.0,24918.0,25840.0,26796.0,27788.0,28816.0,29882.0
BK41,Brooklyn,0.037,Kensington-Ocean Parkway,36937,38304.0,39721.0,41191.0,42715.0,44295.0,45934.0,47634.0,49396.0,51224.0,53119.0
BK42,Brooklyn,0.037,Flatbush,110875,114977.0,119232.0,123643.0,128218.0,132962.0,137882.0,142983.0,148274.0,153760.0,159449.0
BK43,Brooklyn,0.037,Midwood,55440,57491.0,59618.0,61824.0,64112.0,66484.0,68944.0,71495.0,74140.0,76883.0,79728.0
BK44,Brooklyn,0.037,Madison,39076,40522.0,42021.0,43576.0,45188.0,46860.0,48594.0,50392.0,52256.0,54190.0,56195.0
BK45,Brooklyn,0.037,Georgetown-Marine Park-Bergen Beach-Mill Basin,42940,44529.0,46176.0,47885.0,49657.0,51494.0,53399.0,55375.0,57424.0,59549.0,61752.0
BK46,Brooklyn,0.037,Ocean Parkway South,20556,21317.0,22105.0,22923.0,23771.0,24651.0,25563.0,26509.0,27490.0,28507.0,29561.0
BK50,Brooklyn,0.037,Canarsie,85058,88205.0,91469.0,94853.0,98363.0,102002.0,105776.0,109690.0,113748.0,117957.0,122321.0
BK58,Brooklyn,0.037,Flatlands,66726,69195.0,71755.0,74410.0,77163.0,80018.0,82979.0,86049.0,89233.0,92535.0,95958.0
BK60,Brooklyn,0.037,Prospect Lefferts Gardens-Wingate,70300,72901.0,75598.0,78396.0,81296.0,84304.0,87423.0,90658.0,94012.0,97491.0,101098.0
BK61,Brooklyn,0.037,Crown Heights North,103462,107290.0,111260.0,115376.0,119645.0,124072.0,128663.0,133423.0,138360.0,143479.0,148788.0
BK63,Brooklyn,0.037,Crown Heights South,42370,43938.0,45563.0,47249.0,48997.0,50810.0,52690.0,54640.0,56662.0,58758.0,60932.0
BK64,Brooklyn,0.037,Prospect Heights,19655,20382.0,21136.0,21918.0,22729.0,23570.0,24442.0,25347.0,26285.0,27257.0,28266.0
BK68,Brooklyn,0.037,Fort Greene,28335,29383.0,30471.0,31598.0,32767.0,33980.0,35237.0,36541.0,37893.0,39295.0,40748.0
BK69,Brooklyn,0.037,Clinton Hill,33292,34524.0,35801.0,37126.0,38499.0,39924.0,41401.0,42933.0,44522.0,46169.0,47877.0
BK72,Brooklyn,0.037,Williamsburg,32269,33463.0,34701.0,35985.0,37316.0,38697.0,40129.0,41614.0,43153.0,44750.0,46406.0
BK73,Brooklyn,0.037,North Side-South Side,40130,41615.0,43155.0,44751.0,46407.0,48124.0,49905.0,51751.0,53666.0,55652.0,57711.0
BK75,Brooklyn,0.037,Bedford,59227,61418.0,63691.0,66047.0,68491.0,71025.0,73653.0,76378.0,79204.0,82135.0,85174.0
BK76,Brooklyn,0.037,Greenpoint,37821,39220.0,40672.0,42176.0,43737.0,45355.0,47033.0,48774.0,50578.0,52450.0,54390.0
BK77,Brooklyn,0.037,Bushwick North,56093,58168.0,60321.0,62553.0,64867.0,67267.0,69756.0,72337.0,75013.0,77789.0,80667.0
BK78,Brooklyn,0.037,Bushwick South,64617,67008.0,69487.0,72058.0,74724.0,77489.0,80356.0,83329.0,86413.0,89610.0,92925.0
BK79,Brooklyn,0.037,Ocean Hill,30067,31179.0,32333.0,33529.0,34770.0,36057.0,37391.0,38774.0,40209.0,41696.0,43239.0
BK81,Brooklyn,0.037,Brownsville,59099,61286.0,63553.0,65905.0,68343.0,70872.0,73494.0,76213.0,79033.0,81958.0,84990.0
BK82,Brooklyn,0.037,East New York,83275,86356.0,89551.0,92865.0,96301.0,99864.0,103559.0,107391.0,111364.0,115484.0,119757.0
BK83,Brooklyn,0.037,Cypress Hills-City Line,48961,50773.0,52651.0,54599.0,56619.0,58714.0,60887.0,63140.0,65476.0,67898.0,70411.0
BK85,Brooklyn,0.037,East New York (Pennsylvania Ave),27624,28646.0,29706.0,30805.0,31945.0,33127.0,34353.0,35624.0,36942.0,38309.0,39726.0
BK88,Brooklyn,0.037,Borough Park,101055,104794.0,108671.0,112692.0,116862.0,121186.0,125670.0,130319.0,135141.0,140141.0,145327.0
BK90,Brooklyn,0.037,East Williamsburg,31878,33057.0,34281.0,35549.0,36864.0,38228.0,39643.0,41110.0,42631.0,44208.0,45844.0
BK91,Brooklyn,0.037,East Flatbush-Farragut,56033,58106.0,60256.0,62486.0,64798.0,67195.0,69681.0,72260.0,74933.0,77706.0,80581.0
BK93,Brooklyn,0.037,Starrett City,14621,15162.0,15723.0,16305.0,16908.0,17534.0,18182.0,18855.0,19553.0,20276.0,21026.0
BK95,Brooklyn,0.037,Erasmus,31392,32554.0,33758.0,35007.0,36302.0,37645.0,39038.0,40483.0,41981.0,43534.0,45145.0
BK96,Brooklyn,0.037,Rugby-Remsen Village,57934,60078.0,62300.0,64606.0,66996.0,69475.0,72045.0,74711.0,77475.0,80342.0,83315.0
BK99,Brooklyn,0.037,park-cemetery-etc-Brooklyn,93,96.0,100.0,104.0,108.0,112.0,116.0,120.0,124.0,129.0,134.0
MN01,Manhattan,0.033,Marble Hill-Inwood,49087,50707.0,52380.0,54109.0,55894.0,57739.0,59644.0,61612.0,63646.0,65746.0,67916.0
MN03,Manhattan,0.033,Central Harlem North-Polo Grounds,70016,72327.0,74713.0,77179.0,79726.0,82357.0,85074.0,87882.0,90782.0,93778.0,96873.0
MN04,Manhattan,0.033,Hamilton Heights,50555,52223.0,53947.0,55727.0,57566.0,59466.0,61428.0,63455.0,65549.0,67712.0,69947.0
MN06,Manhattan,0.033,Manhattanville,24772,25589.0,26434.0,27306.0,28207.0,29138.0,30100.0,31093.0,32119.0,33179.0,34274.0
MN09,Manhattan,0.033,Morningside Heights,54208,55997.0,57845.0,59754.0,61726.0,63762.0,65867.0,68040.0,70286.0,72605.0,75001.0
MN11,Manhattan,0.033,Central Harlem South,39075,40364.0,41697.0,43072.0,44494.0,45962.0,47479.0,49046.0,50664.0,52336.0,54063.0
MN12,Manhattan,0.033,Upper West Side,136954,141473.0,146142.0,150965.0,155947.0,161093.0,166409.0,171900.0,177573.0,183433.0,189486.0
MN13,Manhattan,0.033,Hudson Yards-Chelsea-Flat Iron-Union Square,55839,57682.0,59585.0,61551.0,63583.0,65681.0,67848.0,70087.0,72400.0,74789.0,77258.0
MN14,Manhattan,0.033,Lincoln Square,55239,57062.0,58945.0,60890.0,62899.0,64975.0,67119.0,69334.0,71622.0,73986.0,76427.0
MN15,Manhattan,0.033,Clinton,40595,41935.0,43318.0,44748.0,46225.0,47750.0,49326.0,50954.0,52635.0,54372.0,56166.0
MN17,Manhattan,0.033,Midtown-Midtown South,25807,26659.0,27538.0,28447.0,29386.0,30356.0,31357.0,32392.0,33461.0,34565.0,35706.0
MN19,Manhattan,0.033,Turtle Bay-East Midtown,49737,51378.0,53074.0,54825.0,56634.0,58503.0,60434.0,62428.0,64488.0,66617.0,68815.0
MN20,Manhattan,0.033,Murray Hill-Kips Bay,48419,50017.0,51667.0,53372.0,55134.0,56953.0,58833.0,60774.0,62780.0,64851.0,66991.0
MN21,Manhattan,0.033,Gramercy,26184,27048.0,27941.0,28863.0,29815.0,30799.0,31815.0,32865.0,33950.0,35070.0,36228.0
MN22,Manhattan,0.033,East Village,41746,43124.0,44547.0,46017.0,47535.0,49104.0,50724.0,52398.0,54127.0,55914.0,57759.0
MN23,Manhattan,0.033,West Village,68483,70743.0,73077.0,75489.0,77980.0,80553.0,83212.0,85958.0,88794.0,91725.0,94751.0
MN24,Manhattan,0.033,SoHo-TriBeCa-Civic Center-Little Italy,36757,37970.0,39223.0,40517.0,41854.0,43236.0,44662.0,46136.0,47659.0,49231.0,50856.0
MN25,Manhattan,0.033,Battery Park City-Lower Manhattan,20088,20751.0,21436.0,22143.0,22874.0,23629.0,24408.0,25214.0,26046.0,26905.0,27793.0
MN27,Manhattan,0.033,Chinatown,52375,54103.0,55889.0,57733.0,59638.0,61606.0,63639.0,65739.0,67909.0,70150.0,72465.0
MN28,Manhattan,0.033,Lower East Side,72258,74643.0,77106.0,79650.0,82279.0,84994.0,87799.0,90696.0,93689.0,96781.0,99974.0
MN31,Manhattan,0.033,Lenox Hill-Roosevelt Island,76631,79160.0,81772.0,84471.0,87258.0,90138.0,93112.0,96185.0,99359.0,102638.0,106025.0
MN32,Manhattan,0.033,Yorkville,76768,79301.0,81918.0,84622.0,87414.0,90299.0,93279.0,96357.0,99537.0,102821.0,106214.0
MN33,Manhattan,0.033,East Harlem South,56899,58777.0,60716.0,62720.0,64790.0,66928.0,69136.0,71418.0,73775.0,76209.0,78724.0
MN34,Manhattan,0.033,East Harlem North,57148,59034.0,60982.0,62994.0,65073.0,67221.0,69439.0,71730.0,74098.0,76543.0,79069.0
MN35,Manhattan,0.033,Washington Heights North,73457,75881.0,78385.0,80972.0,83644.0,86404.0,89256.0,92201.0,95244.0,98387.0,101633.0
MN36,Manhattan,0.033,Washington Heights South,93671,96762.0,99955.0,103254.0,106661.0,110181.0,113817.0,117573.0,121453.0,125461.0,129601.0
MN40,Manhattan,0.033,Upper East Side-Carnegie Hill,63664,65765.0,67935.0,70177.0,72493.0,74885.0,77356.0,79909.0,82546.0,85270.0,88084.0
MN50,Manhattan,0.033,Stuyvesant Town-Cooper Village,19101,19731.0,20382.0,21055.0,21750.0,22468.0,23209.0,23975.0,24766.0,25583.0,26428.0
MN99,Manhattan,0.033,park-cemetery-etc-Manhattan,1662,1717.0,1774.0,1832.0,1892.0,1955.0,2019.0,2086.0,2155.0,2226.0,2300.0
QN01,Queens,0.036,South Jamaica,35181,36448.0,37760.0,39119.0,40527.0,41986.0,43498.0,45064.0,46686.0,48367.0,50108.0
QN02,Queens,0.036,Springfield Gardens North,25441,26357.0,27306.0,28289.0,29307.0,30362.0,31455.0,32588.0,33761.0,34976.0,36235.0
QN03,Queens,0.036,Springfield Gardens South-Brookville,18950,19632.0,20339.0,21071.0,21830.0,22616.0,23430.0,24273.0,25147.0,26052.0,26990.0
QN05,Queens,0.036,Rosedale,25502,26420.0,27371.0,28357.0,29377.0,30435.0,31531.0,32666.0,33842.0,35060.0,36322.0
QN06,Queens,0.036,Jamaica Estates-Holliswood,26061,26999.0,27971.0,28978.0,30021.0,31102.0,32222.0,33382.0,34584.0,35829.0,37118.0
QN07,Queens,0.036,Hollis,20747,21494.0,22268.0,23069.0,23900.0,24760.0,25652.0,26575.0,27532.0,28523.0,29550.0
QN08,Queens,0.036,St. Albans,50046,51848.0,53714.0,55648.0,57651.0,59727.0,61877.0,64104.0,66412.0,68803.0,71280.0
QN10,Queens,0.036,Breezy Point-Belle Harbor-Rockwy Prk-Broad Chnl,26711,27673.0,28669.0,29701.0,30770.0,31878.0,33025.0,34214.0,35446.0,36722.0,38044.0
QN12,Queens,0.036,Hammels-Arverne-Edgemere,31645,32784.0,33964.0,35187.0,36454.0,37766.0,39126.0,40534.0,41994.0,43505.0,45072.0
QN15,Queens,0.036,Far Rockaway-Bayswater,48344,50084.0,51887.0,53755.0,55691.0,57695.0,59772.0,61924.0,64154.0,66463.0,68856.0
QN17,Queens,0.036,Forest Hills,85046,88108.0,91280.0,94566.0,97970.0,101497.0,105151.0,108936.0,112858.0,116921.0,121130.0
QN18,Queens,0.036,Rego Park,29404,30463.0,31559.0,32695.0,33872.0,35092.0,36355.0,37664.0,39020.0,40424.0,41880.0
QN19,Queens,0.036,Glendale,31071,32190.0,33348.0,34549.0,35793.0,37081.0,38416.0,39799.0,41232.0,42716.0,44254.0
QN20,Queens,0.036,Ridgewood,69455,71955.0,74546.0,77229.0,80010.0,82890.0,85874.0,88966.0,92168.0,95486.0,98924.0
QN21,Queens,0.036,Middle Village,37629,38984.0,40387.0,41841.0,43347.0,44908.0,46524.0,48199.0,49935.0,51732.0,53595.0
QN22,Queens,0.036,Flushing,69362,71859.0,74446.0,77126.0,79903.0,82779.0,85759.0,88846.0,92045.0,95358.0,98791.0
QN23,Queens,0.036,College Point,21407,22178.0,22976.0,23803.0,24660.0,25548.0,26468.0,27420.0,28408.0,29430.0,30490.0
QN25,Queens,0.036,Corona,52082,53957.0,55899.0,57912.0,59997.0,62156.0,64394.0,66712.0,69114.0,71602.0,74180.0
QN26,Queens,0.036,North Corona,47156,48854.0,50612.0,52434.0,54322.0,56278.0,58304.0,60403.0,62577.0,64830.0,67164.0
QN27,Queens,0.036,East Elmhurst,21183,21946.0,22736.0,23554.0,24402.0,25281.0,26191.0,27133.0,28110.0,29122.0,30171.0
QN28,Queens,0.036,Jackson Heights,113327,117407.0,121633.0,126012.0,130549.0,135248.0,140117.0,145162.0,150387.0,155801.0,161410.0
QN29,Queens,0.036,Elmhurst,87972,91139.0,94420.0,97819.0,101341.0,104989.0,108768.0,112684.0,116741.0,120943.0,125297.0
QN30,Queens,0.036,Maspeth,28916,29957.0,31035.0,32153.0,33310.0,34509.0,35752.0,37039.0,38372.0,39754.0,41185.0
QN31,Queens,0.036,Hunters Point-Sunnyside-West Maspeth,61947,64177.0,66487.0,68881.0,71361.0,73930.0,76591.0,79348.0,82205.0,85164.0,88230.0
QN33,Queens,0.036,Cambria Heights,20944,21698.0,22479.0,23288.0,24127.0,24995.0,25895.0,26827.0,27793.0,28794.0,29830.0
QN34,Queens,0.036,Queens Village,57704,59781.0,61933.0,64163.0,66473.0,68866.0,71345.0,73914.0,76574.0,79331.0,82187.0
QN35,Queens,0.036,Briarwood-Jamaica Hills,38675,40067.0,41510.0,43004.0,44552.0,46156.0,47818.0,49539.0,51323.0,53170.0,55084.0
QN37,Queens,0.036,Kew Gardens Hills,36052,37350.0,38694.0,40087.0,41531.0,43026.0,44575.0,46179.0,47842.0,49564.0,51348.0
QN38,Queens,0.036,Pomonok-Flushing Heights-Hillcrest,31734,32876.0,34060.0,35286.0,36556.0,37872.0,39236.0,40648.0,42112.0,43628.0,45198.0
QN41,Queens,0.036,Fresh Meadows-Utopia,17373,17998.0,18646.0,19318.0,20013.0,20734.0,21480.0,22253.0,23054.0,23884.0,24744.0
QN42,Queens,0.036,Oakland Gardens,27873,28876.0,29916.0,30993.0,32109.0,33265.0,34462.0,35703.0,36988.0,38320.0,39699.0
QN43,Queens,0.036,Bellerose,24464,25345.0,26257.0,27202.0,28182.0,29196.0,30247.0,31336.0,32464.0,33633.0,34844.0
QN44,Queens,0.036,Glen Oaks-Floral Park-New Hyde Park,22426,23233.0,24070.0,24936.0,25834.0,26764.0,27727.0,28726.0,29760.0,30831.0,31941.0
QN45,Queens,0.036,Douglas Manor-Douglaston-Little Neck,24356,25233.0,26141.0,27082.0,28057.0,29067.0,30114.0,31198.0,32321.0,33484.0,34690.0
QN46,Queens,0.036,Bayside-Bayside Hills,44371,45968.0,47623.0,49338.0,51114.0,52954.0,54860.0,56835.0,58881.0,61001.0,63197.0
QN47,Queens,0.036,Ft. Totten-Bay Terrace-Clearview,22731,23549.0,24397.0,25275.0,26185.0,27128.0,28105.0,29116.0,30165.0,31250.0,32375.0
QN48,Queens,0.036,Auburndale,20201,20928.0,21682.0,22462.0,23271.0,24109.0,24976.0,25876.0,26807.0,27772.0,28772.0
QN49,Queens,0.036,Whitestone,31356,32485.0,33654.0,34866.0,36121.0,37421.0,38769.0,40164.0,41610.0,43108.0,44660.0
QN50,Queens,0.036,Elmhurst-Maspeth,24338,25214.0,26122.0,27062.0,28037.0,29046.0,30091.0,31175.0,32297.0,33460.0,34664.0
QN51,Queens,0.036,Murray Hill,53009,54917.0,56894.0,58943.0,61064.0,63263.0,65540.0,67900.0,70344.0,72876.0,75500.0
QN52,Queens,0.036,East Flushing,26516,27471.0,28460.0,29484.0,30545.0,31645.0,32784.0,33965.0,35187.0,36454.0,37766.0
QN53,Queens,0.036,Woodhaven,54149,56098.0,58118.0,60210.0,62378.0,64623.0,66950.0,69360.0,71857.0,74444.0,77124.0
QN54,Queens,0.036,Richmond Hill,62985,65252.0,67602.0,70035.0,72556.0,75169.0,77875.0,80678.0,83582.0,86591.0,89709.0
QN55,Queens,0.036,South Ozone Park,78906,81747.0,84689.0,87738.0,90897.0,94169.0,97559.0,101071.0,104710.0,108480.0,112385.0
QN56,Queens,0.036,Ozone Park,21052,21810.0,22595.0,23408.0,24251.0,25124.0,26029.0,26966.0,27936.0,28942.0,29984.0
QN57,Queens,0.036,Lindenwood-Howard Beach,28121,29133.0,30182.0,31269.0,32394.0,33561.0,34769.0,36020.0,37317.0,38661.0,40052.0
QN60,Queens,0.036,Kew Gardens,23888,24748.0,25639.0,26562.0,27518.0,28509.0,29535.0,30598.0,31700.0,32841.0,34023.0
QN61,Queens,0.036,Jamaica,51849,53716.0,55649.0,57653.0,59728.0,61878.0,64106.0,66414.0,68805.0,71282.0,73848.0
QN62,Queens,0.036,Queensboro Hill,19309,20004.0,20724.0,21470.0,22243.0,23044.0,23874.0,24733.0,25623.0,26546.0,27502.0
QN63,Queens,0.036,Woodside,43846,45424.0,47060.0,48754.0,50509.0,52327.0,54211.0,56163.0,58185.0,60279.0,62449.0
QN66,Queens,0.036,Laurelton,26375,27324.0,28308.0,29327.0,30383.0,31477.0,32610.0,33784.0,35000.0,36260.0,37566.0
QN68,Queens,0.036,Queensbridge-Ravenswood-Long Island City,21104,21864.0,22651.0,23466.0,24311.0,25186.0,26093.0,27032.0,28005.0,29014.0,30058.0
QN70,Queens,0.036,Astoria,89122,92330.0,95654.0,99098.0,102665.0,106361.0,110190.0,114157.0,118267.0,122524.0,126935.0
QN71,Queens,0.036,Old Astoria,28847,29885.0,30961.0,32076.0,33231.0,34427.0,35666.0,36950.0,38281.0,39659.0,41086.0
QN72,Queens,0.036,Steinway,53604,55534.0,57533.0,59604.0,61750.0,63973.0,66276.0,68662.0,71134.0,73694.0,76347.0
QN76,Queens,0.036,Baisley Park,35729,37015.0,38348.0,39728.0,41159.0,42640.0,44175.0,45766.0,47413.0,49120.0,50888.0
QN98,Queens,0.036,Airport,0,0.0,0.0,0.0,0.0,0.0,0.0,0.0,0.0,0.0,0.0
QN99,Queens,0.036,park-cemetery-etc-Queens,1785,1849.0,1916.0,1985.0,2056.0,2130.0,2207.0,2286.0,2369.0,2454.0,2542.0
SI01,Staten Island,0.039,Annadale-Huguenot-Prince's Bay-Eltingville,26376,27405.0,28473.0,29584.0,30738.0,31936.0,33182.0,34476.0,35821.0,37218.0,38669.0
SI05,Staten Island,0.039,New Springville-Bloomfield-Travis,39309,40842.0,42435.0,44090.0,45809.0,47596.0,49452.0,51381.0,53385.0,55467.0,57630.0
SI07,Staten Island,0.039,Westerleigh,23790,24718.0,25682.0,26683.0,27724.0,28805.0,29929.0,31096.0,32309.0,33569.0,34878.0
SI08,Staten Island,0.039,Grymes Hill-Clifton-Fox Hills,19834,20608.0,21411.0,22246.0,23114.0,24015.0,24952.0,25925.0,26936.0,27987.0,29078.0
SI11,Staten Island,0.039,Charleston-Richmond Valley-Tottenville,18332,19047.0,19790.0,20562.0,21363.0,22197.0,23062.0,23962.0,24896.0,25867.0,26876.0
SI12,Staten Island,0.039,Mariner's Harbor-Arlington-Port Ivory-Graniteville,27957,29047.0,30180.0,31357.0,32580.0,33851.0,35171.0,36543.0,37968.0,39449.0,40987.0
SI14,Staten Island,0.039,Grasmere-Arrochar-Ft. Wadsworth,15238,15832.0,16450.0,17091.0,17758.0,18450.0,19170.0,19918.0,20694.0,21501.0,22340.0
SI22,Staten Island,0.039,West New Brighton-New Brighton-St. George,32154,33408.0,34711.0,36065.0,37471.0,38933.0,40451.0,42028.0,43668.0,45371.0,47140.0
SI24,Staten Island,0.039,Todt Hill-Emersn Hill-Heartland Villg-Lighthse Hill,30762,31962.0,33208.0,34503.0,35849.0,37247.0,38700.0,40209.0,41777.0,43406.0,45099.0
SI25,Staten Island,0.039,Oakwood-Oakwood Beach,22266,23134.0,24037.0,24974.0,25948.0,26960.0,28011.0,29104.0,30239.0,31418.0,32644.0
SI28,Staten Island,0.039,Port Richmond,18042,18746.0,19477.0,20236.0,21026.0,21846.0,22697.0,23583.0,24502.0,25458.0,26451.0
SI32,Staten Island,0.039,Rossville-Woodrow,18894,19631.0,20396.0,21192.0,22018.0,22877.0,23769.0,24696.0,25660.0,26660.0,27700.0
SI35,Staten Island,0.039,New Brighton-Silver Lake,16784,17439.0,18119.0,18825.0,19559.0,20322.0,21115.0,21938.0,22794.0,23683.0,24607.0
SI36,Staten Island,0.039,Old Town-Dongan Hills-South Beach,23017,23915.0,24847.0,25816.0,26823.0,27869.0,28956.0,30086.0,31259.0,32478.0,33745.0
SI37,Staten Island,0.039,Stapleton-Rosebank,24048,24986.0,25960.0,26973.0,28025.0,29118.0,30253.0,31433.0,32659.0,33933.0,35256.0
SI45,Staten Island,0.039,New Dorp-Midland Beach,20242,21031.0,21852.0,22704.0,23589.0,24509.0,25465.0,26458.0,27490.0,28562.0,29676.0
SI48,Staten Island,0.039,Arden Heights,24996,25971.0,26984.0,28036.0,29129.0,30266.0,31446.0,32672.0,33946.0,35270.0,36646.0
SI54,Staten Island,0.039,Great Kills,41680,43306.0,44994.0,46749.0,48572.0,50467.0,52435.0,54480.0,56605.0,58812.0,61106.0
SI99,Staten Island,0.039,park-cemetery-etc-Staten Island,7,7.0,8.0,8.0,8.0,8.0,9.0,9.0,10.0,10.0,10.0
BX01,Bronx,0.045,Claremont-Bathgate,31078,32477.0,33938.0,35465.0,37061.0,38729.0,40472.0,42293.0,44196.0,46185.0,48263.0
BX03,Bronx,0.045,Eastchester-Edenwald-Baychester,34517,36070.0,37693.0,39390.0,41162.0,43014.0,44950.0,46973.0,49087.0,51296.0,53604.0
BX05,Bronx,0.045,Bedford Park-Fordham North,54415,56864.0,59423.0,62097.0,64891.0,67811.0,70862.0,74051.0,77384.0,80866.0,84505.0
BX06,Bronx,0.045,Belmont,27378,28610.0,29897.0,31243.0,32649.0,34118.0,35653.0,37258.0,38934.0,40686.0,42517.0
BX07,Bronx,0.045,Bronxdale,35538,37137.0,38808.0,40555.0,42380.0,44287.0,46280.0,48362.0,50539.0,52813.0,55189.0
BX08,Bronx,0.045,West Farms-Bronx River,35011,36586.0,38233.0,39953.0,41751.0,43630.0,45593.0,47645.0,49789.0,52030.0,54371.0
BX09,Bronx,0.045,Soundview-Castle Hill-Clason Point-Harding Park,53686,56102.0,58626.0,61265.0,64022.0,66903.0,69913.0,73059.0,76347.0,79783.0,83373.0
BX10,Bronx,0.045,Pelham Bay-Country Club-City Island,26583,27779.0,29029.0,30336.0,31701.0,33127.0,34618.0,36176.0,37804.0,39505.0,41283.0
BX13,Bronx,0.045,Co-Op City,43752,45721.0,47778.0,49928.0,52175.0,54523.0,56976.0,59540.0,62220.0,65020.0,67946.0
BX14,Bronx,0.045,East Concourse-Concourse Village,62284,65087.0,68016.0,71076.0,74275.0,77617.0,81110.0,84760.0,88574.0,92560.0,96725.0
BX17,Bronx,0.045,East Tremont,43423,45377.0,47419.0,49553.0,51783.0,54113.0,56548.0,59093.0,61752.0,64531.0,67435.0
BX22,Bronx,0.045,North Riverdale-Fieldston-Riverdale,27860,29114.0,30424.0,31793.0,33224.0,34719.0,36281.0,37914.0,39620.0,41403.0,43266.0
BX26,Bronx,0.045,Highbridge,37727,39425.0,41199.0,43053.0,44990.0,47015.0,49130.0,51341.0,53652.0,56066.0,58589.0
BX27,Bronx,0.045,Hunts Point,27204,28428.0,29707.0,31044.0,32441.0,33901.0,35427.0,37021.0,38687.0,40428.0,42247.0
BX28,Bronx,0.045,Van Cortlandt Village,50100,52354.0,54710.0,57172.0,59745.0,62434.0,65243.0,68179.0,71247.0,74453.0,77804.0
BX29,Bronx,0.045,Spuyten Duyvil-Kingsbridge,30161,31518.0,32937.0,34419.0,35968.0,37586.0,39277.0,41045.0,42892.0,44822.0,46839.0
BX30,Bronx,0.045,Kingsbridge Heights,32496,33958.0,35486.0,37083.0,38752.0,40496.0,42318.0,44223.0,46213.0,48292.0,50465.0
BX31,Bronx,0.045,Allerton-Pelham Gardens,28903,30204.0,31563.0,32983.0,34467.0,36018.0,37639.0,39333.0,41103.0,42953.0,44885.0
BX33,Bronx,0.045,Longwood,26196,27375.0,28607.0,29894.0,31239.0,32645.0,34114.0,35649.0,37253.0,38930.0,40682.0
BX34,Bronx,0.045,Melrose South-Mott Haven North,39214,40979.0,42823.0,44750.0,46763.0,48868.0,51067.0,53365.0,55766.0,58276.0,60898.0
BX35,Bronx,0.045,Morrisania-Melrose,37865,39569.0,41350.0,43210.0,45155.0,47187.0,49310.0,51529.0,53848.0,56271.0,58803.0
BX36,Bronx,0.045,University Heights-Morris Heights,54188,56626.0,59175.0,61838.0,64620.0,67528.0,70567.0,73742.0,77061.0,80529.0,84152.0
BX37,Bronx,0.045,Van Nest-Morris Park-Westchester Square,29250,30566.0,31942.0,33379.0,34881.0,36451.0,38091.0,39805.0,41596.0,43468.0,45424.0
BX39,Bronx,0.045,Mott Haven-Port Morris,52413,54772.0,57236.0,59812.0,62503.0,65316.0,68255.0,71327.0,74537.0,77891.0,81396.0
BX40,Bronx,0.045,Fordham South,28262,29534.0,30863.0,32252.0,33703.0,35220.0,36804.0,38461.0,40191.0,42000.0,43890.0
BX41,Bronx,0.045,Mount Hope,51807,54138.0,56575.0,59120.0,61781.0,64561.0,67466.0,70502.0,73675.0,76990.0,80455.0
BX43,Bronx,0.045,Norwood,40494,42316.0,44220.0,46210.0,48290.0,50463.0,52734.0,55107.0,57587.0,60178.0,62886.0
BX44,Bronx,0.045,Williamsbridge-Olinville,61321,64080.0,66964.0,69977.0,73126.0,76417.0,79856.0,83449.0,87205.0,91129.0,95230.0
BX46,Bronx,0.045,Parkchester,29821,31163.0,32565.0,34031.0,35562.0,37162.0,38835.0,40582.0,42408.0,44317.0,46311.0
BX49,Bronx,0.045,Pelham Parkway,30073,31426.0,32840.0,34318.0,35863.0,37476.0,39163.0,40925.0,42767.0,44691.0,46702.0
BX52,Bronx,0.045,Schuylerville-Throgs Neck-Edgewater Park,44167,46155.0,48231.0,50402.0,52670.0,55040.0,57517.0,60105.0,62810.0,65636.0,68590.0
BX55,Bronx,0.045,Soundview-Bruckner,35634,37238.0,38913.0,40664.0,42494.0,44406.0,46405.0,48493.0,50675.0,52956.0,55339.0
BX59,Bronx,0.045,Westchester-Unionport,27248,28474.0,29755.0,31094.0,32494.0,33956.0,35484.0,37081.0,38749.0,40493.0,42315.0
BX62,Bronx,0.045,Woodlawn-Wakefield,42483,44395.0,46392.0,48480.0,50662.0,52942.0,55324.0,57813.0,60415.0,63134.0,65975.0
BX63,Bronx,0.045,West Concourse,39282,41050.0,42897.0,44827.0,46845.0,48953.0,51155.0,53457.0,55863.0,58377.0,61004.0
BX75,Bronx,0.045,Crotona Park East,20277,21189.0,22143.0,23139.0,24181.0,25269.0,26406.0,27594.0,28836.0,30134.0,31490.0
BX98,Bronx,0.045,Rikers Island,11091,11590.0,12112.0,12657.0,13226.0,13821.0,14443.0,15093.0,15773.0,16482.0,17224.0
BX99,Bronx,0.045,park-cemetery-etc-Bronx,1906,1992.0,2081.0,2175.0,2273.0,2375.0,2482.0,2594.0,2711.0,2832.0,2960.0
BK09,Brooklyn,0.037,Brooklyn Heights-Cobble Hill,22887,23734.0,24612.0,25523.0,26467.0,27446.0,28462.0,29515.0,30607.0,31739.0,32914.0
BK17,Brooklyn,0.037,Sheepshead Bay-Gerritsen Beach-Manhattn Bch,64518,66905.0,69381.0,71948.0,74610.0,77370.0,80233.0,83202.0,86280.0,89473.0,92783.0
BK19,Brooklyn,0.037,Brighton Beach,35547,36862.0,38226.0,39641.0,41107.0,42628.0,44205.0,45841.0,47537.0,49296.0,51120.0
BK21,Brooklyn,0.037,Seagate-Coney Island,31965,33148.0,34374.0,35646.0,36965.0,38333.0,39751.0,41222.0,42747.0,44329.0,45969.0
BK23,Brooklyn,0.037,West Brighton,17750,18407.0,19088.0,19794.0,20526.0,21286.0,22073.0,22890.0,23737.0,24615.0,25526.0
BK25,Brooklyn,0.037,Homecrest,44316,45956.0,47656.0,49419.0,51248.0,53144.0,55110.0,57149.0,59264.0,61457.0,63731.0
BK26,Brooklyn,0.037,Gravesend,29436,30525.0,31655.0,32826.0,34040.0,35300.0,36606.0,37960.0,39365.0,40821.0,42332.0
BK27,Brooklyn,0.037,Bath Beach,29931,31038.0,32187.0,33378.0,34613.0,35893.0,37221.0,38599.0,40027.0,41508.0,43044.0
BK28,Brooklyn,0.037,Bensonhurst West,88727,92010.0,95414.0,98945.0,102606.0,106402.0,110339.0,114421.0,118655.0,123045.0,127598.0
BK29,Brooklyn,0.037,Bensonhurst East,62978,65308.0,67725.0,70230.0,72829.0,75524.0,78318.0,81216.0,84221.0,87337.0,90568.0
BK30,Brooklyn,0.037,Dyker Heights,42419,43989.0,45616.0,47304.0,49054.0,50869.0,52751.0,54703.0,56727.0,58826.0,61003.0
BK31,Brooklyn,0.037,Bay Ridge,79371,82308.0,85353.0,88511.0,91786.0,95182.0,98704.0,102356.0,106143.0,110070.0,114143.0
BK32,Brooklyn,0.037,Sunset Park West,54041,56041.0,58114.0,60264.0,62494.0,64806.0,67204.0,69691.0,72269.0,74943.0,77716.0
BK33,Brooklyn,0.037,Carroll Gardens-Columbia Street-Red Hook,38353,39772.0,41244.0,42770.0,44352.0,45993.0,47695.0,49460.0,51290.0,53187.0,55155.0
BK34,Brooklyn,0.037,Sunset Park East,72340,75017.0,77792.0,80671.0,83655.0,86751.0,89960.0,93289.0,96741.0,100320.0,104032.0
BK35,Brooklyn,0.037,Stuyvesant Heights,63504,65854.0,68290.0,70817.0,73437.0,76154.0,78972.0,81894.0,84924.0,88066.0,91325.0
BK37,Brooklyn,0.037,Park Slope-Gowanus,67649,70152.0,72748.0,75439.0,78231.0,81125.0,84127.0,87239.0,90467.0,93815.0,97286.0
BK38,Brooklyn,0.037,DUMBO-Vinegar Hill-Downtown Brklyn-Boerum Hill,34495,35771.0,37095.0,38467.0,39891.0,41367.0,42897.0,44484.0,46130.0,47837.0,49607.0
BK40,Brooklyn,0.037,Windsor Terrace,20988,21765.0,22570.0,23405.0,24271.0,25169.0,26100.0,27066.0,28067.0,29106.0,30183.0
BK41,Brooklyn,0.037,Kensington-Ocean Parkway,36891,38256.0,39671.0,41139.0,42661.0,44240.0,45877.0,47574.0,49334.0,51160.0,53053.0
BK42,Brooklyn,0.037,Flatbush,105804,109719.0,113778.0,117988.0,122354.0,126881.0,131575.0,136444.0,141492.0,146727.0,152156.0
BK43,Brooklyn,0.037,Midwood,52835,54790.0,56817.0,58919.0,61099.0,63360.0,65704.0,68135.0,70656.0,73271.0,75982.0
BK44,Brooklyn,0.037,Madison,38917,40357.0,41850.0,43399.0,45004.0,46669.0,48396.0,50187.0,52044.0,53969.0,55966.0
BK45,Brooklyn,0.037,Georgetown-Marine Park-Bergen Beach-Mill Basin,45231,46905.0,48640.0,50440.0,52306.0,54241.0,56248.0,58329.0,60488.0,62726.0,65046.0
BK46,Brooklyn,0.037,Ocean Parkway South,20299,21050.0,21829.0,22637.0,23474.0,24343.0,25243.0,26177.0,27146.0,28150.0,29192.0
BK50,Brooklyn,0.037,Canarsie,83693,86790.0,90001.0,93331.0,96784.0,100365.0,104079.0,107930.0,111923.0,116064.0,120358.0
BK58,Brooklyn,0.037,Flatlands,64762,67158.0,69643.0,72220.0,74892.0,77663.0,80537.0,83516.0,86606.0,89811.0,93134.0
BK60,Brooklyn,0.037,Prospect Lefferts Gardens-Wingate,67459,69955.0,72543.0,75227.0,78011.0,80897.0,83890.0,86994.0,90213.0,93551.0,97012.0
BK61,Brooklyn,0.037,Crown Heights North,103169,106986.0,110945.0,115050.0,119307.0,123721.0,128299.0,133046.0,137968.0,143073.0,148367.0
BK63,Brooklyn,0.037,Crown Heights South,39670,41138.0,42660.0,44238.0,45875.0,47573.0,49333.0,51158.0,53051.0,55014.0,57049.0
BK64,Brooklyn,0.037,Prospect Heights,19849,20583.0,21345.0,22135.0,22954.0,23803.0,24684.0,25597.0,26544.0,27526.0,28545.0
BK68,Brooklyn,0.037,Fort Greene,26079,27044.0,28045.0,29082.0,30158.0,31274.0,32431.0,33631.0,34876.0,36166.0,37504.0
BK69,Brooklyn,0.037,Clinton Hill,34791,36078.0,37413.0,38797.0,40233.0,41722.0,43265.0,44866.0,46526.0,48248.0,50033.0
BK72,Brooklyn,0.037,Williamsburg,32926,34144.0,35408.0,36718.0,38076.0,39485.0,40946.0,42461.0,44032.0,45661.0,47351.0
BK73,Brooklyn,0.037,North Side-South Side,45774,47468.0,49224.0,51045.0,52934.0,54892.0,56923.0,59030.0,61214.0,63479.0,65827.0
BK75,Brooklyn,0.037,Bedford,70713,73329.0,76043.0,78856.0,81774.0,84799.0,87937.0,91191.0,94565.0,98064.0,101692.0
BK76,Brooklyn,0.037,Greenpoint,34719,36004.0,37336.0,38717.0,40150.0,41635.0,43176.0,44773.0,46430.0,48148.0,49929.0
BK77,Brooklyn,0.037,Bushwick North,57138,59252.0,61444.0,63718.0,66075.0,68520.0,71055.0,73685.0,76411.0,79238.0,82170.0
BK78,Brooklyn,0.037,Bushwick South,72101,74769.0,77535.0,80404.0,83379.0,86464.0,89663.0,92981.0,96421.0,99989.0,103688.0
BK79,Brooklyn,0.037,Ocean Hill,31935,33117.0,34342.0,35613.0,36930.0,38297.0,39714.0,41183.0,42707.0,44287.0,45926.0
BK81,Brooklyn,0.037,Brownsville,58300,60457.0,62694.0,65014.0,67419.0,69914.0,72501.0,75183.0,77965.0,80850.0,83841.0
BK82,Brooklyn,0.037,East New York,91958,95360.0,98889.0,102548.0,106342.0,110277.0,114357.0,118588.0,122976.0,127526.0,132244.0
BK83,Brooklyn,0.037,Cypress Hills-City Line,49223,51044.0,52933.0,54891.0,56922.0,59029.0,61213.0,63477.0,65826.0,68262.0,70787.0
BK85,Brooklyn,0.037,East New York (Pennsylvania Ave),29343,30429.0,31555.0,32722.0,33933.0,35188.0,36490.0,37840.0,39241.0,40692.0,42198.0
BK88,Brooklyn,0.037,Borough Park,106357,110292.0,114373.0,118605.0,122993.0,127544.0,132263.0,137157.0,142232.0,147494.0,152951.0
BK90,Brooklyn,0.037,East Williamsburg,34158,35422.0,36732.0,38092.0,39501.0,40962.0,42478.0,44050.0,45680.0,47370.0,49122.0
BK91,Brooklyn,0.037,East Flatbush-Farragut,50355,52218.0,54150.0,56154.0,58231.0,60386.0,62620.0,64937.0,67340.0,69832.0,72415.0
BK93,Brooklyn,0.037,Starrett City,13354,13848.0,14360.0,14892.0,15443.0,16014.0,16607.0,17221.0,17858.0,18519.0,19204.0
BK95,Brooklyn,0.037,Erasmus,29938,31046.0,32194.0,33386.0,34621.0,35902.0,37230.0,38608.0,40036.0,41518.0,43054.0
BK96,Brooklyn,0.037,Rugby-Remsen Village,55326,57373.0,59496.0,61697.0,63980.0,66347.0,68802.0,71348.0,73988.0,76725.0,79564.0
BK99,Brooklyn,0.037,park-cemetery-etc-Brooklyn,418,433.0,450.0,466.0,483.0,501.0,520.0,539.0,559.0,580.0,601.0
MN01,Manhattan,0.033,Marble Hill-Inwood,46746,48289.0,49882.0,51528.0,53229.0,54985.0,56800.0,58674.0,60610.0,62611.0,64677.0
MN03,Manhattan,0.033,Central Harlem North-Polo Grounds,75282,77766.0,80333.0,82984.0,85722.0,88551.0,91473.0,94492.0,97610.0,100831.0,104158.0
MN04,Manhattan,0.033,Hamilton Heights,48520,50121.0,51775.0,53484.0,55249.0,57072.0,58955.0,60901.0,62911.0,64987.0,67131.0
QN61,Queens,0.036,Jamaica,53751,55686.0,57691.0,59768.0,61919.0,64148.0,66458.0,68850.0,71329.0,73897.0,76557.0
MN06,Manhattan,0.033,Manhattanville,22950,23707.0,24490.0,25298.0,26133.0,26995.0,27886.0,28806.0,29757.0,30739.0,31753.0
MN09,Manhattan,0.033,Morningside Heights,55929,57775.0,59681.0,61651.0,63685.0,65787.0,67958.0,70200.0,72517.0,74910.0,77382.0
MN11,Manhattan,0.033,Central Harlem South,43383,44815.0,46294.0,47821.0,49399.0,51029.0,52713.0,54453.0,56250.0,58106.0,60024.0
MN12,Manhattan,0.033,Upper West Side,132378,136746.0,141259.0,145921.0,150736.0,155710.0,160849.0,166157.0,171640.0,177304.0,183155.0
MN13,Manhattan,0.033,Hudson Yards-Chelsea-Flat Iron-Union Square,70150,72465.0,74856.0,77327.0,79878.0,82514.0,85237.0,88050.0,90956.0,93957.0,97058.0
MN14,Manhattan,0.033,Lincoln Square,61489,63518.0,65614.0,67780.0,70016.0,72327.0,74714.0,77179.0,79726.0,82357.0,85075.0
MN15,Manhattan,0.033,Clinton,45884,47398.0,48962.0,50578.0,52247.0,53971.0,55752.0,57592.0,59493.0,61456.0,63484.0
MN17,Manhattan,0.033,Midtown-Midtown South,28630,29575.0,30551.0,31559.0,32600.0,33676.0,34788.0,35935.0,37121.0,38346.0,39612.0
MN19,Manhattan,0.033,Turtle Bay-East Midtown,51231,52922.0,54668.0,56472.0,58336.0,60261.0,62249.0,64304.0,66426.0,68618.0,70882.0
MN20,Manhattan,0.033,Murray Hill-Kips Bay,50742,52416.0,54146.0,55933.0,57779.0,59686.0,61655.0,63690.0,65792.0,67963.0,70205.0
MN21,Manhattan,0.033,Gramercy,27988,28912.0,29866.0,30851.0,31869.0,32921.0,34007.0,35130.0,36289.0,37486.0,38724.0
MN22,Manhattan,0.033,East Village,44136,45592.0,47097.0,48651.0,50257.0,51915.0,53628.0,55398.0,57226.0,59115.0,61066.0
MN23,Manhattan,0.033,West Village,66880,69087.0,71367.0,73722.0,76155.0,78668.0,81264.0,83946.0,86716.0,89578.0,92534.0
MN24,Manhattan,0.033,SoHo-TriBeCa-Civic Center-Little Italy,42742,44152.0,45610.0,47115.0,48669.0,50276.0,51935.0,53648.0,55419.0,57248.0,59137.0
MN25,Manhattan,0.033,Battery Park City-Lower Manhattan,39699,41009.0,42362.0,43760.0,45204.0,46696.0,48237.0,49829.0,51473.0,53172.0,54927.0
MN27,Manhattan,0.033,Chinatown,47844,49423.0,51054.0,52739.0,54479.0,56277.0,58134.0,60052.0,62034.0,64081.0,66196.0
MN28,Manhattan,0.033,Lower East Side,72957,75365.0,77852.0,80421.0,83075.0,85816.0,88648.0,91573.0,94595.0,97717.0,100942.0
MN31,Manhattan,0.033,Lenox Hill-Roosevelt Island,80771,83436.0,86190.0,89034.0,91972.0,95007.0,98143.0,101381.0,104727.0,108183.0,111753.0
MN32,Manhattan,0.033,Yorkville,77942,80514.0,83171.0,85916.0,88751.0,91680.0,94705.0,97830.0,101059.0,104394.0,107839.0
MN33,Manhattan,0.033,East Harlem South,57902,59813.0,61787.0,63826.0,65932.0,68108.0,70355.0,72677.0,75075.0,77553.0,80112.0
MN34,Manhattan,0.033,East Harlem North,58019,59934.0,61911.0,63955.0,66065.0,68245.0,70497.0,72824.0,75227.0,77709.0,80274.0
MN35,Manhattan,0.033,Washington Heights North,67136,69351.0,71640.0,74004.0,76446.0,78969.0,81575.0,84267.0,87048.0,89920.0,92888.0
MN36,Manhattan,0.033,Washington Heights South,84438,87224.0,90103.0,93076.0,96148.0,99321.0,102598.0,105984.0,109481.0,113094.0,116826.0
MN40,Manhattan,0.033,Upper East Side-Carnegie Hill,61207,63227.0,65313.0,67469.0,69695.0,71995.0,74371.0,76825.0,79360.0,81979.0,84685.0
MN50,Manhattan,0.033,Stuyvesant Town-Cooper Village,21049,21744.0,22461.0,23202.0,23968.0,24759.0,25576.0,26420.0,27292.0,28193.0,29123.0
MN99,Manhattan,0.033,park-cemetery-etc-Manhattan,1849,1910.0,1973.0,2038.0,2105.0,2175.0,2247.0,2321.0,2397.0,2477.0,2558.0
QN01,Queens,0.036,South Jamaica,38894,40294.0,41745.0,43248.0,44804.0,46417.0,48088.0,49820.0,51613.0,53471.0,55396.0
QN02,Queens,0.036,Springfield Gardens North,25409,26324.0,27271.0,28253.0,29270.0,30324.0,31416.0,32547.0,33718.0,34932.0,36190.0
QN03,Queens,0.036,Springfield Gardens South-Brookville,20132,20857.0,21608.0,22385.0,23191.0,24026.0,24891.0,25787.0,26716.0,27677.0,28674.0
QN05,Queens,0.036,Rosedale,25063,25965.0,26900.0,27868.0,28872.0,29911.0,30988.0,32103.0,33259.0,34456.0,35697.0
QN06,Queens,0.036,Jamaica Estates-Holliswood,25480,26397.0,27348.0,28332.0,29352.0,30409.0,31503.0,32638.0,33813.0,35030.0,36291.0
QN07,Queens,0.036,Hollis,20269,20999.0,21755.0,22538.0,23349.0,24190.0,25061.0,25963.0,26897.0,27866.0,28869.0
QN08,Queens,0.036,St. Albans,48593,50342.0,52155.0,54032.0,55977.0,57993.0,60080.0,62243.0,64484.0,66805.0,69210.0
QN10,Queens,0.036,Breezy Point-Belle Harbor-Rockwy Prk-Broad Chnl,28018,29027.0,30072.0,31154.0,32276.0,33438.0,34641.0,35889.0,37180.0,38519.0,39906.0
QN12,Queens,0.036,Hammels-Arverne-Edgemere,36885,38213.0,39589.0,41014.0,42490.0,44020.0,45605.0,47246.0,48947.0,50709.0,52535.0
QN15,Queens,0.036,Far Rockaway-Bayswater,50058,51860.0,53727.0,55661.0,57665.0,59741.0,61892.0,64120.0,66428.0,68819.0,71297.0
QN17,Queens,0.036,Forest Hills,83728,86742.0,89865.0,93100.0,96452.0,99924.0,103521.0,107248.0,111109.0,115109.0,119253.0
QN18,Queens,0.036,Rego Park,28260,29277.0,30331.0,31423.0,32555.0,33726.0,34941.0,36198.0,37502.0,38852.0,40250.0
QN19,Queens,0.036,Glendale,32496,33666.0,34878.0,36133.0,37434.0,38782.0,40178.0,41624.0,43123.0,44675.0,46284.0
QN20,Queens,0.036,Ridgewood,69317,71812.0,74398.0,77076.0,79851.0,82725.0,85703.0,88789.0,91985.0,95297.0,98727.0
QN21,Queens,0.036,Middle Village,37929,39294.0,40709.0,42175.0,43693.0,45266.0,46895.0,48584.0,50333.0,52145.0,54022.0
QN22,Queens,0.036,Flushing,72008,74600.0,77286.0,80068.0,82951.0,85937.0,89031.0,92236.0,95556.0,98996.0,102560.0
QN23,Queens,0.036,College Point,24275,25149.0,26054.0,26992.0,27964.0,28971.0,30014.0,31094.0,32213.0,33373.0,34575.0
QN25,Queens,0.036,Corona,57658,59734.0,61884.0,64112.0,66420.0,68811.0,71288.0,73855.0,76513.0,79268.0,82122.0
QN26,Queens,0.036,North Corona,52037,53910.0,55851.0,57862.0,59945.0,62103.0,64338.0,66655.0,69054.0,71540.0,74116.0
QN27,Queens,0.036,East Elmhurst,23150,23983.0,24847.0,25741.0,26668.0,27628.0,28623.0,29653.0,30721.0,31826.0,32972.0
QN28,Queens,0.036,Jackson Heights,108152,112045.0,116079.0,120258.0,124587.0,129072.0,133719.0,138533.0,143520.0,148687.0,154040.0
QN29,Queens,0.036,Elmhurst,88427,91610.0,94908.0,98325.0,101865.0,105532.0,109331.0,113267.0,117345.0,121569.0,125945.0
QN30,Queens,0.036,Maspeth,30516,31615.0,32753.0,33932.0,35153.0,36419.0,37730.0,39088.0,40495.0,41953.0,43464.0
QN31,Queens,0.036,Hunters Point-Sunnyside-West Maspeth,63271,65549.0,67909.0,70353.0,72886.0,75510.0,78228.0,81044.0,83962.0,86985.0,90116.0
QN33,Queens,0.036,Cambria Heights,18677,19349.0,20046.0,20768.0,21515.0,22290.0,23092.0,23924.0,24785.0,25677.0,26601.0
QN34,Queens,0.036,Queens Village,52504,54394.0,56352.0,58381.0,60483.0,62660.0,64916.0,67253.0,69674.0,72182.0,74781.0
QN35,Queens,0.036,Briarwood-Jamaica Hills,39138,40547.0,42007.0,43519.0,45086.0,46709.0,48390.0,50132.0,51937.0,53807.0,55744.0
QN37,Queens,0.036,Kew Gardens Hills,37479,38828.0,40226.0,41674.0,43174.0,44729.0,46339.0,48007.0,49735.0,51526.0,53381.0
QN38,Queens,0.036,Pomonok-Flushing Heights-Hillcrest,34034,35259.0,36529.0,37844.0,39206.0,40617.0,42080.0,43594.0,45164.0,46790.0,48474.0
QN41,Queens,0.036,Fresh Meadows-Utopia,17812,18453.0,19118.0,19806.0,20519.0,21257.0,22023.0,22816.0,23637.0,24488.0,25369.0
QN42,Queens,0.036,Oakland Gardens,28237,29254.0,30307.0,31398.0,32528.0,33699.0,34912.0,36169.0,37471.0,38820.0,40218.0
QN43,Queens,0.036,Bellerose,25287,26197.0,27140.0,28117.0,29130.0,30178.0,31265.0,32390.0,33556.0,34764.0,36016.0
QN44,Queens,0.036,Glen Oaks-Floral Park-New Hyde Park,22571,23384.0,24225.0,25097.0,26001.0,26937.0,27907.0,28911.0,29952.0,31030.0,32148.0
QN45,Queens,0.036,Douglas Manor-Douglaston-Little Neck,24739,25630.0,26552.0,27508.0,28498.0,29524.0,30587.0,31688.0,32829.0,34011.0,35235.0
QN46,Queens,0.036,Bayside-Bayside Hills,43808,45385.0,47019.0,48712.0,50465.0,52282.0,54164.0,56114.0,58134.0,60227.0,62395.0
QN47,Queens,0.036,Ft. Totten-Bay Terrace-Clearview,21751,22534.0,23345.0,24186.0,25056.0,25958.0,26893.0,27861.0,28864.0,29903.0,30980.0
QN48,Queens,0.036,Auburndale,19996,20716.0,21462.0,22234.0,23035.0,23864.0,24723.0,25613.0,26535.0,27490.0,28480.0
QN49,Queens,0.036,Whitestone,30773,31881.0,33029.0,34218.0,35449.0,36726.0,38048.0,39417.0,40836.0,42307.0,43830.0
QN50,Queens,0.036,Elmhurst-Maspeth,25521,26440.0,27392.0,28378.0,29399.0,30458.0,31554.0,32690.0,33867.0,35086.0,36349.0
QN51,Queens,0.036,Murray Hill,51739,53602.0,55531.0,57530.0,59601.0,61747.0,63970.0,66273.0,68659.0,71130.0,73691.0
QN52,Queens,0.036,East Flushing,26982,27953.0,28960.0,30002.0,31082.0,32201.0,33361.0,34561.0,35806.0,37095.0,38430.0
QN53,Queens,0.036,Woodhaven,56674,58714.0,60828.0,63018.0,65286.0,67637.0,70072.0,72594.0,75208.0,77915.0,80720.0
QN54,Queens,0.036,Richmond Hill,62982,65249.0,67598.0,70032.0,72553.0,75165.0,77871.0,80674.0,83578.0,86587.0,89704.0
QN55,Queens,0.036,South Ozone Park,75878,78610.0,81440.0,84371.0,87409.0,90555.0,93815.0,97193.0,100692.0,104317.0,108072.0
QN56,Queens,0.036,Ozone Park,21376,22146.0,22943.0,23769.0,24624.0,25511.0,26429.0,27381.0,28366.0,29388.0,30446.0
QN57,Queens,0.036,Lindenwood-Howard Beach,26148,27089.0,28065.0,29075.0,30122.0,31206.0,32329.0,33493.0,34699.0,35948.0,37242.0
QN60,Queens,0.036,Kew Gardens,23278,24116.0,24984.0,25884.0,26815.0,27781.0,28781.0,29817.0,30890.0,32002.0,33155.0
QN62,Queens,0.036,Queensboro Hill,20800,21549.0,22325.0,23128.0,23961.0,24823.0,25717.0,26643.0,27602.0,28596.0,29625.0
QN63,Queens,0.036,Woodside,45099,46723.0,48405.0,50147.0,51952.0,53823.0,55760.0,57768.0,59847.0,62002.0,64234.0
QN66,Queens,0.036,Laurelton,24453,25333.0,26245.0,27190.0,28169.0,29183.0,30234.0,31322.0,32450.0,33618.0,34828.0
QN68,Queens,0.036,Queensbridge-Ravenswood-Long Island City,20030,20751.0,21498.0,22272.0,23074.0,23905.0,24765.0,25657.0,26580.0,27537.0,28528.0
QN70,Queens,0.036,Astoria,78793,81630.0,84568.0,87613.0,90767.0,94034.0,97420.0,100927.0,104560.0,108324.0,112224.0
QN71,Queens,0.036,Old Astoria,27814,28815.0,29853.0,30927.0,32041.0,33194.0,34389.0,35627.0,36910.0,38239.0,39615.0
QN72,Queens,0.036,Steinway,47534,49245.0,51018.0,52855.0,54757.0,56729.0,58771.0,60887.0,63079.0,65349.0,67702.0
QN76,Queens,0.036,Baisley Park,34603,35849.0,37139.0,38476.0,39861.0,41296.0,42783.0,44323.0,45919.0,47572.0,49285.0
QN98,Queens,0.036,Airport,0,0.0,0.0,0.0,0.0,0.0,0.0,0.0,0.0,0.0,0.0
QN99,Queens,0.036,park-cemetery-etc-Queens,436,452.0,468.0,485.0,502.0,520.0,539.0,558.0,579.0,599.0,621.0
SI01,Staten Island,0.039,Annadale-Huguenot-Prince's Bay-Eltingville,27770,28853.0,29978.0,31147.0,32362.0,33624.0,34936.0,36298.0,37714.0,39185.0,40713.0
SI05,Staten Island,0.039,New Springville-Bloomfield-Travis,39597,41141.0,42746.0,44413.0,46145.0,47945.0,49814.0,51757.0,53776.0,55873.0,58052.0
SI07,Staten Island,0.039,Westerleigh,24102,25042.0,26019.0,27033.0,28088.0,29183.0,30321.0,31504.0,32732.0,34009.0,35335.0
SI08,Staten Island,0.039,Grymes Hill-Clifton-Fox Hills,22460,23336.0,24246.0,25192.0,26174.0,27195.0,28256.0,29357.0,30502.0,31692.0,32928.0
SI11,Staten Island,0.039,Charleston-Richmond Valley-Tottenville,23313,24222.0,25167.0,26148.0,27168.0,28228.0,29329.0,30472.0,31661.0,32896.0,34179.0
SI12,Staten Island,0.039,Mariner's Harbor-Arlington-Port Ivory-Graniteville,31474,32701.0,33977.0,35302.0,36679.0,38109.0,39595.0,41140.0,42744.0,44411.0,46143.0
SI14,Staten Island,0.039,Grasmere-Arrochar-Ft. Wadsworth,16079,16706.0,17358.0,18035.0,18738.0,19469.0,20228.0,21017.0,21837.0,22688.0,23573.0
SI22,Staten Island,0.039,West New Brighton-New Brighton-St. George,33551,34859.0,36219.0,37632.0,39099.0,40624.0,42208.0,43855.0,45565.0,47342.0,49188.0
SI24,Staten Island,0.039,Todt Hill-Emersn Hill-Heartland Villg-Lighthse Hill,30714,31912.0,33156.0,34450.0,35793.0,37189.0,38639.0,40146.0,41712.0,43339.0,45029.0
SI25,Staten Island,0.039,Oakwood-Oakwood Beach,22049,22909.0,23802.0,24731.0,25695.0,26697.0,27738.0,28820.0,29944.0,31112.0,32325.0
SI28,Staten Island,0.039,Port Richmond,20191,20978.0,21797.0,22647.0,23530.0,24448.0,25401.0,26392.0,27421.0,28490.0,29601.0
SI32,Staten Island,0.039,Rossville-Woodrow,20763,21573.0,22414.0,23288.0,24196.0,25140.0,26121.0,27139.0,28198.0,29297.0,30440.0
SI35,Staten Island,0.039,New Brighton-Silver Lake,17525,18208.0,18919.0,19656.0,20423.0,21220.0,22047.0,22907.0,23800.0,24729.0,25693.0
SI36,Staten Island,0.039,Old Town-Dongan Hills-South Beach,24835,25804.0,26810.0,27855.0,28942.0,30071.0,31243.0,32462.0,33728.0,35043.0,36410.0
SI37,Staten Island,0.039,Stapleton-Rosebank,26453,27485.0,28557.0,29670.0,30827.0,32030.0,33279.0,34577.0,35925.0,37326.0,38782.0
SI45,Staten Island,0.039,New Dorp-Midland Beach,21896,22750.0,23637.0,24559.0,25517.0,26512.0,27546.0,28620.0,29736.0,30896.0,32101.0
SI48,Staten Island,0.039,Arden Heights,25238,26222.0,27245.0,28308.0,29411.0,30559.0,31750.0,32989.0,34275.0,35612.0,37001.0
SI54,Staten Island,0.039,Great Kills,40720,42308.0,43958.0,45672.0,47454.0,49304.0,51227.0,53225.0,55301.0,57458.0,59698.0
SI99,Staten Island,0.039,park-cemetery-etc-Staten Island,0,0.0,0.0,0.0,0.0,0.0,0.0,0.0,0.0,0.0,0.0
